id,topic,content
1,Soil Health,"Crop rotation and adding organic compost improves soil fertility."
2,Soil Health,"Cover crops help prevent soil erosion and retain nutrients."
3,Water Management,"Drip irrigation saves water and improves crop yield."
4,Pest Control,"Neem oil is effective against many common pests."
5,Fertilizers,"Balanced NPK fertilizers provide essential nutrients for crops."
6,Crop Management,"Rotate legumes with cereals to fix nitrogen in soil."
7,Water Management,"Mulching reduces water evaporation and controls weeds."
8,Pest Control,"Trap crops can help protect main crops from pests."
9,Harvesting,"Harvest crops at optimal maturity for maximum quality."
10,Post Harvest,"Store grains in dry conditions to prevent mold."
11,Soil Health,"Test soil pH regularly to maintain optimal nutrient levels."
12,Water Management,"Rainwater harvesting can supplement irrigation needs."
13,Fertilizers,"Use organic fertilizers to maintain long-term soil health."
14,Pest Control,"Introduce ladybugs to control aphid infestations."
15,Crop Management,"Intercropping increases biodiversity and reduces pests."
16,Harvesting,"Use sharp tools to prevent crop damage during harvest."
17,Post Harvest,"Clean storage facilities before storing harvested crops."
18,Soil Health,"Avoid excessive tilling to preserve soil structure."
19,Water Management,"Schedule irrigation based on crop growth stage."
20,Fertilizers,"Apply micronutrients to correct deficiencies in crops."
21,Pest Control,"Rotate pesticides to prevent pest resistance."
22,Crop Management,"Plant early-maturing varieties to avoid seasonal stress."
23,Water Management,"Check for leaks in irrigation channels regularly."
24,Soil Health,"Add lime to acidic soils to improve crop yield."
25,Harvesting,"Handle fruits gently to avoid bruising."
26,Fertilizers,"Split fertilizer application improves nutrient uptake."
27,Pest Control,"Prune infected plant parts to reduce disease spread."
28,Crop Management,"Use certified seeds for better germination rates."
29,Water Management,"Drip irrigation reduces weed growth between rows."
30,Soil Health,"Use compost tea to promote beneficial soil microbes."
31,Fertilizers,"Nitrogen is critical for leafy vegetable growth."
32,Pest Control,"Apply biopesticides as eco-friendly alternatives."
33,Crop Management,"Thin crowded seedlings to prevent competition."
34,Harvesting,"Harvest vegetables in the morning for freshness."
35,Post Harvest,"Cool produce quickly to extend shelf life."
36,Water Management,"Monitor soil moisture before watering crops."
37,Soil Health,"Use organic mulch to improve soil water retention."
38,Fertilizers,"Avoid over-fertilizing to prevent nutrient leaching."
39,Pest Control,"Sticky traps help monitor pest populations."
40,Crop Management,"Timing of sowing affects crop maturity and yield."
41,Harvesting,"Use mechanical harvesters for large-scale farms."
42,Post Harvest,"Dry grains to below 12% moisture to prevent spoilage."
43,Water Management,"Use sprinklers for uniform water distribution."
44,Soil Health,"Incorporate green manure to enrich soil nutrients."
45,Fertilizers,"Phosphorus promotes strong root development."
46,Pest Control,"Use pheromone traps to manage insect pests."
47,Crop Management,"Practical spacing improves sunlight penetration."
48,Harvesting,"Avoid harvesting during wet conditions to prevent rot."
49,Post Harvest,"Store fruits in ventilated areas to avoid humidity buildup."
50,Water Management,"Install timers to automate irrigation."
51,Soil Health,"Avoid compacting soil with heavy machinery."
52,Fertilizers,"Potassium improves drought tolerance in plants."
53,Pest Control,"Rotate crops to reduce pest and disease buildup."
54,Crop Management,"Use row covers to protect crops from insects."
55,Harvesting,"Cut crops at the base to avoid leaving residues."
56,Post Harvest,"Keep storage area free of rodents and pests."
57,Water Management,"Monitor evaporation rates during hot months."
58,Soil Health,"Incorporate biochar to enhance soil fertility."
59,Fertilizers,"Slow-release fertilizers provide nutrients over time."
60,Pest Control,"Maintain field sanitation to reduce pest habitats."
61,Crop Management,"Use shade nets to protect sensitive crops."
62,Harvesting,"Avoid over-ripening to maintain crop quality."
63,Post Harvest,"Sort and grade produce before packaging."
64,Water Management,"Mulch around plants to conserve soil moisture."
65,Soil Health,"Test for soil salinity to avoid crop damage."
66,Fertilizers,"Apply fertilizers according to soil test recommendations."
67,Pest Control,"Encourage natural predators to reduce pest populations."
68,Crop Management,"Prune plants to improve air circulation."
69,Harvesting,"Use clean containers for harvested crops."
70,Post Harvest,"Avoid direct sunlight on harvested produce."
71,Water Management,"Irrigate early in the day to reduce evaporation."
72,Soil Health,"Add organic matter to sandy soils for better water retention."
73,Fertilizers,"Avoid applying fertilizers before heavy rain."
74,Pest Control,"Remove weeds to prevent pest harboring."
75,Crop Management,"Plant windbreaks to protect crops from strong winds."
76,Harvesting,"Label harvested crops to track harvest dates."
77,Post Harvest,"Maintain cold storage temperature for perishable crops."
78,Water Management,"Use soil moisture sensors for precise irrigation."
79,Soil Health,"Avoid monocropping to preserve soil health."
80,Fertilizers,"Use composted manure to enrich soil nutrients."
81,Pest Control,"Monitor for early signs of disease regularly."
82,Crop Management,"Select drought-tolerant varieties in dry areas."
83,Harvesting,"Clean cutting tools to prevent disease transmission."
84,Post Harvest,"Use proper ventilation in storage rooms."
85,Water Management,"Reduce irrigation during rainy periods to prevent waterlogging."
86,Soil Health,"Plant legumes to naturally fix nitrogen in soil."
87,Fertilizers,"Foliar application helps correct nutrient deficiencies quickly."
88,Pest Control,"Remove infected plant debris to reduce pathogens."
89,Crop Management,"Plant cover crops during fallow periods."
90,Harvesting,"Use protective gloves while harvesting thorny plants."
91,Post Harvest,"Store harvested vegetables in perforated crates for airflow."
92,Water Management,"Use drip tape for uniform irrigation in row crops."
93,Soil Health,"Avoid burning crop residues to protect soil microbes."
94,Fertilizers,"Apply fertilizer close to the root zone for better uptake."
95,Pest Control,"Encourage crop rotation to reduce pest buildup."
96,Crop Management,"Thin fruit trees to improve fruit size and quality."
97,Harvesting,"Monitor humidity during storage to prevent mold."
98,Post Harvest,"Pack grains in airtight containers for long-term storage."
99,Water Management,"Check irrigation system for leaks weekly."
100,Soil Health,"Add gypsum to clay soils to improve structure."  
id,topic,content
101,Climate,"Monitor seasonal weather forecasts to plan sowing dates."
102,Climate,"Use drought-resistant crop varieties in low rainfall areas."
103,Climate,"Install windbreaks to reduce crop damage from storms."
104,Climate,"Adopt climate-smart agriculture practices to reduce risk."
105,Climate,"Adjust planting schedules according to monsoon patterns."
106,Livestock,"Provide balanced feed rations for improved milk yield."
107,Livestock,"Vaccinate livestock regularly to prevent common diseases."
108,Livestock,"Maintain clean drinking water for farm animals."
109,Livestock,"Use mineral mixtures to prevent nutrient deficiencies in cattle."
110,Livestock,"Practice rotational grazing to maintain pasture health."
111,Organic Farming,"Use vermicompost to enhance soil fertility naturally."
112,Organic Farming,"Prepare jeevamrut to improve soil microbial activity."
113,Organic Farming,"Adopt biological pest control methods instead of chemicals."
114,Organic Farming,"Use crop residues for compost preparation."
115,Organic Farming,"Avoid synthetic pesticides in organic farming systems."
116,Precision Farming,"Use GPS-based soil mapping for nutrient management."
117,Precision Farming,"Adopt drone monitoring for crop health assessment."
118,Precision Farming,"Use data-driven irrigation scheduling systems."
119,Precision Farming,"Install automated weather stations on farms."
120,Precision Farming,"Analyze satellite imagery for crop stress detection."
121,Farm Economics,"Maintain farm records for tracking expenses and income."
122,Farm Economics,"Diversify crops to reduce financial risk."
123,Farm Economics,"Use crop insurance schemes to protect against losses."
124,Farm Economics,"Participate in farmer producer organizations for better market access."
125,Farm Economics,"Analyze market trends before selling produce."
126,Soil Health,"Incorporate farmyard manure to improve soil texture."
127,Soil Health,"Use soil testing kits to monitor nutrient status."
128,Soil Health,"Practice contour farming to reduce soil erosion."
129,Soil Health,"Adopt minimum tillage to conserve soil moisture."
130,Soil Health,"Grow green cover crops to prevent nutrient loss."
131,Water Management,"Construct farm ponds for rainwater storage."
132,Water Management,"Use laser land leveling for efficient irrigation."
133,Water Management,"Avoid over-irrigation to prevent root diseases."
134,Water Management,"Practice alternate wetting and drying in paddy fields."
135,Water Management,"Install drip irrigation in orchards."
136,Pest Control,"Use integrated pest management strategies."
137,Pest Control,"Monitor pest life cycles before applying control measures."
138,Pest Control,"Use resistant crop varieties to reduce pest attack."
139,Pest Control,"Maintain crop hygiene to prevent disease spread."
140,Pest Control,"Apply recommended pesticide dosage only."
141,Fertilizers,"Base fertilizer application on soil test reports."
142,Fertilizers,"Use neem-coated urea to improve nitrogen efficiency."
143,Fertilizers,"Incorporate organic and inorganic fertilizers together."
144,Fertilizers,"Apply zinc sulfate in zinc-deficient soils."
145,Fertilizers,"Use fertigation in drip irrigation systems."
146,Crop Management,"Follow recommended seed rate for each crop."
147,Crop Management,"Practice timely weeding for higher yields."
148,Crop Management,"Adopt crop diversification to reduce risk."
149,Crop Management,"Use mulching sheets in vegetable cultivation."
150,Crop Management,"Ensure proper spacing between plants."
151,Harvesting,"Harvest cereals at physiological maturity stage."
152,Harvesting,"Use moisture meters before grain storage."
153,Harvesting,"Avoid harvesting during extreme heat."
154,Harvesting,"Store harvested crops immediately after drying."
155,Harvesting,"Avoid mixing damaged grains with healthy produce."
156,Post Harvest,"Use hermetic storage bags to prevent insect damage."
157,Post Harvest,"Grade produce based on size and quality."
158,Post Harvest,"Transport produce carefully to avoid losses."
159,Post Harvest,"Use cold chain logistics for perishable goods."
160,Post Harvest,"Apply food safety standards during storage."
161,Agroforestry,"Plant trees along farm boundaries for additional income."
162,Agroforestry,"Integrate fruit trees with field crops."
163,Agroforestry,"Select native tree species for better adaptability."
164,Agroforestry,"Use alley cropping to improve land productivity."
165,Agroforestry,"Maintain proper spacing between trees and crops."
166,Horticulture,"Use grafted seedlings for higher fruit yield."
167,Horticulture,"Apply micronutrients for better flowering."
168,Horticulture,"Prune fruit trees annually."
169,Horticulture,"Use drip irrigation in vegetable cultivation."
170,Horticulture,"Maintain pollinator-friendly plants in orchards."
171,Seed Management,"Store seeds in cool and dry places."
172,Seed Management,"Use certified seeds for better crop performance."
173,Seed Management,"Test seed germination before sowing."
174,Seed Management,"Treat seeds with fungicide before planting."
175,Seed Management,"Avoid using old or damaged seeds."
176,Weed Management,"Use pre-emergence herbicides appropriately."
177,Weed Management,"Practice manual weeding in early stages."
178,Weed Management,"Use mulching to suppress weed growth."
179,Weed Management,"Rotate herbicides to prevent resistance."
180,Weed Management,"Avoid weed seed spread through machinery."
181,Sustainable Farming,"Reduce chemical input dependency gradually."
182,Sustainable Farming,"Promote biodiversity on farms."
183,Sustainable Farming,"Use renewable energy for irrigation pumps."
184,Sustainable Farming,"Adopt conservation agriculture practices."
185,Sustainable Farming,"Recycle farm waste effectively."
186,Protected Cultivation,"Use polyhouses for off-season vegetable production."
187,Protected Cultivation,"Maintain optimal temperature inside greenhouses."
188,Protected Cultivation,"Use insect-proof nets in nurseries."
189,Protected Cultivation,"Monitor humidity levels in polyhouses."
190,Protected Cultivation,"Use drip fertigation inside greenhouses."
191,Agri Technology,"Use mobile apps for real-time market prices."
192,Agri Technology,"Adopt farm management software."
193,Agri Technology,"Install IoT sensors for soil monitoring."
194,Agri Technology,"Use automated irrigation controllers."
195,Agri Technology,"Analyze crop performance using data analytics."
196,Rice Cultivation,"Use System of Rice Intensification method."
197,Wheat Cultivation,"Apply nitrogen in split doses."
198,Maize Cultivation,"Ensure proper plant population for higher yield."
199,Cotton Cultivation,"Monitor bollworm infestation regularly."
200,Sugarcane Cultivation,"Practice ratoon management for better yield."